account,deployments
1aa2aa3aa4em,191
1aa2aa3aa4jd,71
aom.mining,65
1aa2aa3aa4dl,45
1aa2aa3aa4pn,44
1aa2aa3aa4on,40
1aa2aa3aa4eb,39
1aa2aa3aa4qn,37
aom.processi,31
1aa2aa3aa4qp,28
1aa2aa3aa4fn,21
aom.constrct,20
1aa2aa3aa4fh,20
mh.game,19
eosio.nft.ft,19
agora.dex,18
1aa2aa3aa4ik,18
agora.sepol,17
1aa2aa3aa4tm,15
1aa2aa3aa4nd,14
1aa2aa3aa4nu,13
1aa2aa3aa4ms,13
1aa2aa3aa4ai,13
ultra.rgrab,12
mh.shares,12
1aa2aa3aa4it,12
eosio,11
ptokenstest1,9
eosio.token,9
ultra.swap,8
ultra.stake,7
ultra.unqstk,6
ultra.bridge,6
1aa2aa3aa4pj,6
1aa2aa3aa4nz,6
1aa2aa3aa4kh,6
1aa2aa3aa4bx,6
eosio.oracle,5
aom.buy,5
1aa2aa3aa4pl,5
1aa2aa3aa4ol,5
1aa2aa3aa4nh,5
ultra.tools,4
ultra.avatar,4
eosio.msig,4
1aa2aa3aa4ti,4
1aa2aa3aa4or,4
ultra.claim,3
mh.uniqs,3
eosio.kyc,3
1aa2aa3aa4ov,3
1aa2aa3aa4iq,3
ultra.fctmgr,2
oracletest12,2
eosio.eba,2
agora.token,2
1aa2aa3aa4to,2
1aa2aa3aa4qv,2
1aa2aa3aa4pr,2
1aa2aa3aa4pm,2
1aa2aa3aa4no,2
1aa2aa3aa4kb,2
1aa2aa3aa4in,2
1aa2aa3aa4ea,2
ultra.rng,1
ultra.prop3,1
ultra.discrd,1
ultra.cntmgr,1
rate.delay,1
rate.alice,1
eosio.wrap,1
eosio.group,1
eosio.evmin,1
eosio.evm,1
eosio.erc2o,1
aom.coins,1
1aa2aa3aa4te,1
1aa2aa3aa4rx,1
1aa2aa3aa4rt,1
1aa2aa3aa4rp,1
1aa2aa3aa4rj,1
1aa2aa3aa4rg,1
1aa2aa3aa4rd,1
1aa2aa3aa4qt,1
1aa2aa3aa4ph,1
1aa2aa3aa4pa,1
1aa2aa3aa4mu,1
1aa2aa3aa4kz,1
1aa2aa3aa4jx,1
1aa2aa3aa4jw,1
1aa2aa3aa4ju,1
1aa2aa3aa4jt,1
1aa2aa3aa4je,1
1aa2aa3aa4hb,1
1aa2aa3aa4gv,1
1aa2aa3aa4gn,1
